"date","precipitation_sum","rain_sum","showers_sum"
"2024-12-27 16:33:49.612435+01","1.3","0","1.3"
"2024-12-28 16:33:49.612435+01","0","0","0"
"2024-12-29 20:02:31.524804+01","0","0","0"
"2024-12-30 20:02:31.524804+01","0","0","0"
"2024-12-29 20:06:45.942149+01","0","0","0"
"2024-12-30 20:06:45.942149+01","0","0","0"
"2024-12-29 20:11:02.595263+01","0","0","0"
"2024-12-30 20:11:02.595263+01","0","0","0"
"2024-12-29 20:12:02.187666+01","0","0","0"
"2024-12-30 20:12:02.187666+01","0","0","0"
"2024-12-29 20:14:02.645567+01","0","0","0"
"2024-12-30 20:14:02.645567+01","0","0","0"
"2024-12-29 20:15:02.276994+01","0","0","0"
"2024-12-30 20:15:02.276994+01","0","0","0"
"2024-12-29 20:19:17.694723+01","0","0","0"
"2024-12-30 20:19:17.694723+01","0","0","0"
"2024-12-30 14:54:02.941638+01","0","0","0"
"2024-12-31 14:54:02.941638+01","0","0","0"
"2024-12-30 15:15:02.444162+01","0","0","0"
"2024-12-31 15:15:02.444162+01","0","0","0"
"2024-12-30 15:37:02.990695+01","0","0","0"
"2024-12-31 15:37:02.990695+01","0","0","0"
"2024-12-31 08:15:03.066811+01","0","0","0"
"2025-01-01 08:15:03.066811+01","0","0","0"
"2025-01-01 08:15:02.489552+01","0","0","0"
"2025-01-02 08:15:02.489552+01","0.6","0","0.6"
"2025-01-02 08:15:02.75025+01","0.4","0","0.4"
"2025-01-03 08:15:02.75025+01","0.6","0","0.6"
"2025-01-02 09:32:37.145372+01","0","0","0"
"2025-01-03 09:32:37.145372+01","0.4","0","0.4"
"2025-01-01 09:45:20.617737+01","0","0","0"
"2025-01-02 09:45:20.617737+01","0.4","0","0.4"
"2025-01-02 08:15:03.104266+01","0.4","0","0.4"
"2025-01-03 08:15:03.104266+01","1.1","0","1.1"
"2025-01-03 08:15:03.73319+01","1.1","0","1.1"
"2025-01-04 08:15:03.73319+01","1.1","0","1.1"
"2025-01-04 08:15:02.637625+01","1.1","0","1.1"
"2025-01-05 08:15:02.637625+01","0","0","0"
"2025-01-05 08:15:03.134821+01","0","0","0"
"2025-01-06 08:15:03.134821+01","0","0","0"
"2025-01-06 08:15:03.184762+01","0","0","0"
"2025-01-07 08:15:03.184762+01","0","0","0"
"2025-01-07 08:15:03.2473+01","0","0","0"
"2025-01-08 08:15:03.2473+01","0.5","0","0.5"
"2025-01-08 08:15:02.407958+01","0.5","0","0.5"
"2025-01-09 08:15:02.407958+01","0","0","0"
"2025-01-09 08:15:02.549429+01","0","0","0"
"2025-01-10 08:15:02.549429+01","0.1","0","0.1"
"2025-01-10 08:15:02.69321+01","0.1","0","0.1"
"2025-01-11 08:15:02.69321+01","0.1","0","0.1"
"2025-01-11 08:15:03.105773+01","0.1","0","0.1"
"2025-01-12 08:15:03.105773+01","7.7","0.7","7"
"2025-01-12 08:15:02.724461+01","7.7","0.7","7"
"2025-01-13 08:15:02.724461+01","4.5","0","4.5"
"2025-01-13 08:15:03.345537+01","4.5","0","4.5"
"2025-01-14 08:15:03.345537+01","5.5","0","5.5"
"2025-01-14 08:15:02.482416+01","5.5","0","5.5"
"2025-01-15 08:15:02.482416+01","1.9","0","1.9"
"2025-01-15 08:15:02.582352+01","1.9","0","1.9"
"2025-01-16 08:15:02.582352+01","1.6","0.9","0.7"
"2025-01-16 08:15:02.674731+01","1.6","0.9","0.7"
"2025-01-17 08:15:02.674731+01","16.7","2.5","14.4"
"2025-01-17 08:15:02.682481+01","16.7","2.5","14.4"
"2025-01-18 08:15:02.682481+01","0","0","0"
"2025-01-18 08:15:02.800636+01","0","0","0"
"2025-01-19 08:15:02.800636+01","0","0","0"
"2025-01-19 08:15:02.909091+01","0","0","0"
"2025-01-20 08:15:02.909091+01","0.1","0","0.1"
"2025-01-20 08:15:02.918749+01","0.1","0","0.1"
"2025-01-21 08:15:02.918749+01","0.1","0","0.1"
"2025-01-21 08:15:03.052597+01","0.1","0","0.1"
"2025-01-22 08:15:03.052597+01","0","0","0"
"2025-01-22 08:15:03.111461+01","0","0","0"
"2025-01-23 08:15:03.111461+01","0","0","0"
"2025-01-23 08:15:03.333414+01","0","0","0"
"2025-01-24 08:15:03.333414+01","0","0","0"
"2025-01-24 08:15:02.726511+01","0","0","0"
"2025-01-25 08:15:02.726511+01","0","0","0"
"2025-01-25 08:15:03.036412+01","0","0","0"
"2025-01-26 08:15:03.036412+01","0","0","0"
"2025-01-26 08:15:03.270427+01","0","0","0"
"2025-01-27 08:15:03.270427+01","0","0","0"
"2025-01-27 08:15:02.576195+01","0","0","0"
"2025-01-28 08:15:02.576195+01","0","0","0"
"2025-01-28 08:15:02.705215+01","0","0","0"
"2025-01-29 08:15:02.705215+01","10.2","3.4","6.9"
"2025-01-29 08:15:02.960494+01","10.2","3.4","6.9"
"2025-01-30 08:15:02.960494+01","0.1","0","0.1"
"2025-01-30 08:15:02.397045+01","0.1","0","0.1"
"2025-01-31 08:15:02.397045+01","0","0","0"
"2025-01-31 08:15:02.762782+01","0","0","0"
"2025-02-01 08:15:02.762782+01","0","0","0"
"2025-02-01 08:15:03.307185+01","0","0","0"
"2025-02-02 08:15:03.307185+01","0","0","0"
"2025-02-02 08:15:03.138128+01","0","0","0"
"2025-02-03 08:15:03.138128+01","2.6","0","2.6"
"2025-02-03 08:15:02.576868+01","2.6","0","2.6"
"2025-02-04 08:15:02.576868+01","0","0","0"
"2025-02-04 08:15:03.683033+01","0","0","0"
"2025-02-05 08:15:03.683033+01","0.3","0","0.3"
"2025-02-05 08:15:03.652135+01","0.3","0","0.3"
"2025-02-06 08:15:03.652135+01","0","0","0"
"2025-02-06 08:15:03.106925+01","0","0","0"
"2025-02-07 08:15:03.106925+01","2.2","0","2.1"
"2025-02-07 08:15:03.916536+01","2.2","0","2.1"
"2025-02-08 08:15:03.916536+01","17.6","14.1","3.6"
"2025-02-08 08:15:03.088719+01","17.6","14.1","3.6"
"2025-02-09 08:15:03.088719+01","11","0","11"
"2025-02-09 08:15:03.657875+01","11","0","11"
"2025-02-10 08:15:03.657875+01","1.3","0","1.3"
"2025-02-10 08:15:06.839928+01","1.3","0","1.3"
"2025-02-11 08:15:06.839928+01","0","0","0"
"2025-02-11 08:15:06.753712+01","0","0","0"
"2025-02-12 08:15:06.753712+01","0.5","0","0.5"
"2025-02-12 08:15:02.836724+01","0.5","0","0.5"
"2025-02-13 08:15:02.836724+01","0","0","0"
"2025-02-13 08:15:02.697556+01","0","0","0"
"2025-02-14 08:15:02.697556+01","1.1","0","1.1"
"2025-02-14 08:15:02.946211+01","1.1","0","1.1"
"2025-02-15 08:15:02.946211+01","13","0.8","12.1"
"2025-02-15 08:15:03.181736+01","13","0.8","12.1"
"2025-02-16 08:15:03.181736+01","3.4","0","3.4"
"2025-02-16 08:33:45.697748+01","3.4","0","3.4"
"2025-02-17 08:33:45.697748+01","0","0","0"
"2025-02-17 08:15:02.766801+01","0","0","0"
"2025-02-18 08:15:02.766801+01","0.2","0","0.2"
"2025-02-18 08:15:02.564962+01","0.2","0","0.2"
"2025-02-19 08:15:02.564962+01","0","0","0"
"2025-02-19 08:15:02.72107+01","0","0","0"
"2025-02-20 08:15:02.72107+01","1.7","0","1.7"
"2025-02-20 08:15:02.65877+01","1.7","0","1.7"
"2025-02-21 08:15:02.65877+01","0.4","0","0.4"
"2025-02-21 08:15:03.742628+01","0.4","0","0.4"
"2025-02-22 08:15:03.742628+01","0","0","0"
"2025-02-22 08:15:02.966963+01","0","0","0"
"2025-02-23 08:15:02.966963+01","0","0","0"
"2025-02-23 08:15:02.840114+01","0","0","0"
"2025-02-24 08:15:02.840114+01","0.2","0","0.2"
"2025-02-24 08:15:02.633564+01","0.2","0","0.2"
"2025-02-25 08:15:02.633564+01","0.6","0","0.6"
"2025-02-25 08:15:02.616011+01","0.6","0","0.6"
"2025-02-26 08:15:02.616011+01","5.2","0.3","4.8"
"2025-02-26 08:15:02.513818+01","5.2","0.3","4.8"
"2025-02-27 08:15:02.513818+01","3.4","0.1","3.3"
"2025-02-27 08:15:02.282978+01","3.4","0.1","3.3"
"2025-02-28 08:15:02.282978+01","0","0","0"
"2025-02-28 08:15:03.048283+01","0","0","0"
"2025-03-01 08:15:03.048283+01","0","0","0"
"2025-03-01 08:15:02.847453+01","0","0","0"
"2025-03-02 08:15:02.847453+01","0.1","0","0.1"
"2025-03-02 08:15:02.869472+01","0.1","0","0.1"
"2025-03-03 08:15:02.869472+01","0","0","0"
"2025-03-03 08:15:02.905839+01","0","0","0"
"2025-03-04 08:15:02.905839+01","1.4","0","1.4"
"2025-03-04 08:15:03.008689+01","1.4","0","1.4"
"2025-03-05 08:15:03.008689+01","0","0","0"
"2025-03-05 08:15:02.891297+01","0","0","0"
"2025-03-06 08:15:02.891297+01","0.6","0.4","0.2"
"2025-03-06 08:15:02.841023+01","0.6","0.4","0.2"
"2025-03-07 08:15:02.841023+01","13.6","9.2","4.3"
"2025-03-07 08:15:02.838901+01","13.6","9.2","4.3"
"2025-03-08 08:15:02.838901+01","0","0","0"
"2025-03-08 08:15:02.759251+01","0","0","0"
"2025-03-09 08:15:02.759251+01","0","0","0"
"2025-03-09 08:15:02.6445+01","0","0","0"
"2025-03-10 08:15:02.6445+01","0","0","0"
"2025-03-10 08:15:02.619715+01","0","0","0"
"2025-03-11 08:15:02.619715+01","0","0","0"
"2025-03-11 08:15:02.707999+01","0","0","0"
"2025-03-12 08:15:02.707999+01","0","0","0"
"2025-03-12 08:15:02.61444+01","0","0","0"
"2025-03-13 08:15:02.61444+01","0","0","0"
"2025-03-13 08:15:03.588786+01","0","0","0"
"2025-03-14 08:15:03.588786+01","0","0","0"
"2025-03-14 08:15:02.42065+01","0","0","0"
"2025-03-15 08:15:02.42065+01","0","0","0"
"2025-03-15 08:15:03.156097+01","0","0","0"
"2025-03-16 08:15:03.156097+01","0","0","0"
"2025-03-16 08:15:03.334747+01","0","0","0"
"2025-03-17 08:15:03.334747+01","0","0","0"
"2025-03-17 08:15:03.148811+01","0","0","0"
"2025-03-18 08:15:03.148811+01","0","0","0"
"2025-03-18 08:15:03.103223+01","0","0","0"
"2025-03-19 08:15:03.103223+01","0","0","0"
"2025-03-19 08:15:03.152697+01","0","0","0"
"2025-03-20 08:15:03.152697+01","0","0","0"
"2025-03-20 08:15:03.385076+01","0","0","0"
"2025-03-21 08:15:03.385076+01","0","0","0"
"2025-03-21 08:15:02.408825+01","0","0","0"
"2025-03-22 08:15:02.408825+01","0","0","0"
"2025-03-22 08:15:03.520609+01","0","0","0"
"2025-03-23 08:15:03.520609+01","0.1","0.1","0"
"2025-03-23 08:15:02.489136+01","0.1","0.1","0"
"2025-03-24 08:15:02.489136+01","0.4","0.2","0.2"
"2025-03-24 08:15:03.281254+01","0.4","0.2","0.2"
"2025-03-25 08:15:03.281254+01","10.3","7.5","2.5"
"2025-03-25 08:15:02.491338+01","10.3","7.5","2.5"
"2025-03-26 08:15:02.491338+01","9.2","4.4","4.9"
"2025-03-26 08:15:03.050645+01","9.2","4.4","4.9"
"2025-03-27 08:15:03.050645+01","0.8","0","0.8"
"2025-03-27 08:15:02.864369+01","0.8","0","0.8"
"2025-03-28 08:15:02.864369+01","5.1","0","5.1"
"2025-03-28 07:15:07.656519+01","5.2","0","5.2"
"2025-03-29 07:15:07.656519+01","2","0","2"
"2025-03-29 07:15:02.608697+01","2","0","2"
"2025-03-30 08:15:02.608697+02","6.6","2.5","4"
"2025-03-30 08:15:02.519723+02","6.6","2.5","4"
"2025-03-31 08:15:02.519723+02","2.8","0","2.8"
"2025-03-31 08:15:03.27354+02","2.8","0","2.8"
"2025-04-01 08:15:03.27354+02","3.9","0","3.9"
"2025-04-01 08:15:02.484032+02","3.9","0","3.9"
"2025-04-02 08:15:02.484032+02","0","0","0"
"2025-04-02 08:15:02.599973+02","0","0","0"
"2025-04-03 08:15:02.599973+02","0","0","0"
"2025-04-03 08:15:07.478321+02","0","0","0"
"2025-04-04 08:15:07.478321+02","0","0","0"
"2025-04-04 08:15:02.466357+02","0","0","0"
"2025-04-05 08:15:02.466357+02","0","0","0"
"2025-04-05 08:15:02.458667+02","0","0","0"
"2025-04-06 08:15:02.458667+02","0.1","0","0.1"
"2025-04-06 08:15:03.481322+02","0.1","0","0.1"
"2025-04-07 08:15:03.481322+02","0.5","0","0.5"
"2025-04-07 08:15:02.988672+02","0.5","0","0.5"
"2025-04-08 08:15:02.988672+02","0","0","0"
"2025-04-08 08:15:03.066937+02","0","0","0"
"2025-04-09 08:15:03.066937+02","0","0","0"
"2025-04-09 08:15:02.900459+02","0","0","0"
"2025-04-10 08:15:02.900459+02","0","0","0"
"2025-04-10 08:15:02.47993+02","0","0","0"
"2025-04-11 08:15:02.47993+02","0","0","0"
"2025-04-11 08:15:02.630988+02","0","0","0"
"2025-04-12 08:15:02.630988+02","0","0","0"
"2025-04-12 08:15:02.609016+02","0","0","0"
"2025-04-13 08:15:02.609016+02","0","0","0"
"2025-04-13 08:15:02.666146+02","0","0","0"
"2025-04-14 08:15:02.666146+02","0","0","0"
"2025-04-14 08:15:02.545968+02","0","0","0"
"2025-04-15 08:15:02.545968+02","0","0","0"
"2025-04-15 08:15:03.125219+02","0","0","0"
"2025-04-16 08:15:03.125219+02","0.3","0","0.3"
"2025-04-16 08:15:03.046211+02","0.3","0","0.3"
"2025-04-17 08:15:03.046211+02","0","0","0"
"2025-04-17 08:15:03.290201+02","0","0","0"
"2025-04-18 08:15:03.290201+02","0","0","0"
"2025-04-18 08:15:03.297732+02","0","0","0"
"2025-04-19 08:15:03.297732+02","0","0","0"
"2025-04-19 08:15:03.273432+02","0","0","0"
"2025-04-20 08:15:03.273432+02","0","0","0"
"2025-04-20 08:15:03.060633+02","0","0","0"
"2025-04-21 08:15:03.060633+02","0.7","0.1","0.6"
"2025-04-21 08:15:03.061736+02","0.7","0.1","0.6"
"2025-04-22 08:15:03.061736+02","0.2","0","0.2"
"2025-04-22 08:15:02.917798+02","0.2","0","0.2"
"2025-04-23 08:15:02.917798+02","0","0","0"
"2025-04-23 08:15:02.825751+02","0","0","0"
"2025-04-24 08:15:02.825751+02","0","0","0"
"2025-04-24 08:15:02.822765+02","0","0","0"
"2025-04-25 08:15:02.822765+02","0","0","0"
"2025-04-25 08:15:02.737379+02","0","0","0"
"2025-04-26 08:15:02.737379+02","0","0","0"
"2025-04-26 08:15:03.165379+02","0","0","0"
"2025-04-27 08:15:03.165379+02","0","0","0"
"2025-04-27 08:15:03.028314+02","0","0","0"
"2025-04-28 08:15:03.028314+02","1.8","0","1.8"
"2025-04-28 08:15:02.998017+02","1.8","0","1.8"
"2025-04-29 08:15:02.998017+02","0.4","0","0.4"
"2025-04-29 08:15:03.23579+02","0.4","0","0.4"
"2025-04-30 08:15:03.23579+02","0","0","0"
"2025-04-30 08:15:03.344045+02","0","0","0"
"2025-05-01 08:15:03.344045+02","0","0","0"
"2025-05-01 08:15:03.123196+02","0","0","0"
"2025-05-02 08:15:03.123196+02","0","0","0"
"2025-05-02 08:31:34.57736+02","0","0","0"
"2025-05-03 08:31:34.57736+02","0","0","0"
"2025-05-03 08:15:03.355195+02","0","0","0"
"2025-05-04 08:15:03.355195+02","0.1","0.1","0"
"2025-05-04 08:15:03.182554+02","0.1","0.1","0"
"2025-05-05 08:15:03.182554+02","0","0","0"
"2025-05-05 08:15:03.050856+02","0","0","0"
"2025-05-06 08:15:03.050856+02","0","0","0"
"2025-05-06 08:15:02.96826+02","0","0","0"
"2025-05-07 08:15:02.96826+02","0","0","0"
"2025-05-07 08:15:03.753442+02","0","0","0"
"2025-05-08 08:15:03.753442+02","0","0","0"
"2025-05-08 08:15:02.652195+02","0","0","0"
"2025-05-09 08:15:02.652195+02","0","0","0"
"2025-05-09 08:15:03.558971+02","0","0","0"
"2025-05-10 08:15:03.558971+02","0","0","0"
"2025-05-10 08:15:03.262475+02","0","0","0"
"2025-05-11 08:15:03.262475+02","0.2","0","0.2"
"2025-05-11 08:15:03.190624+02","0.2","0","0.2"
"2025-05-12 08:15:03.190624+02","0.1","0","0.1"
"2025-05-12 08:15:02.559394+02","0.1","0","0.1"
"2025-05-13 08:15:02.559394+02","0","0","0"
"2025-05-13 08:15:02.619782+02","0","0","0"
"2025-05-14 08:15:02.619782+02","0","0","0"
"2025-05-14 08:15:02.909421+02","0","0","0"
"2025-05-15 08:15:02.909421+02","28.2","3.8","24.3"
"2025-05-15 08:15:02.767782+02","28.2","3.8","24.3"
"2025-05-16 08:15:02.767782+02","5.4","2.4","3"
"2025-05-16 08:15:03.346578+02","5.4","2.4","3"
"2025-05-17 08:15:03.346578+02","0.2","0","0.2"
"2025-05-17 08:15:02.579815+02","0.2","0","0.2"
"2025-05-18 08:15:02.579815+02","0","0","0"
"2025-05-18 08:15:02.679796+02","0","0","0"
"2025-05-19 08:15:02.679796+02","0","0","0"
"2025-05-19 08:15:02.889574+02","0","0","0"
"2025-05-20 08:15:02.889574+02","0","0","0"
"2025-05-20 08:15:03.131108+02","0","0","0"
"2025-05-21 08:15:03.131108+02","0","0","0"
